"source_id","title","publisher","landing_page_url","direct_file_url","source_format","page_or_slide_count","publication_date","access_date","document_role","domain","language","licence_name","licence_evidence","licence_verification_status","copyright_owner","third_party_material_risk","personal_data_risk","redistribution_decision","original_file_committed","derived_text_allowed","corpus_status","exclusion_reason","local_filename","sha256","notes"
"S001","AI Opportunities Action Plan","Department for Science, Innovation and Technology","https://www.gov.uk/government/publications/ai-opportunities-action-plan","","PDF","26","2025-01-13","2026-07-17","strategy","UK public-sector AI","English","","","pending_pdf_notice_review","","not_reviewed","not_reviewed","licence_review_required","false","","candidate","","","",""
"S002","AI Opportunities Action Plan: government response","Department for Science, Innovation and Technology","https://www.gov.uk/government/publications/ai-opportunities-action-plan-government-response","","PDF","22","2025-01-13","2026-07-17","government_response","UK public-sector AI","English","","","pending_pdf_notice_review","","not_reviewed","not_reviewed","licence_review_required","false","","candidate","","","",""
"S003","AI Opportunities Action Plan: One Year On","Department for Science, Innovation and Technology","https://www.gov.uk/government/publications/ai-opportunities-action-plan-one-year-on","","PDF","16","2026-01-29","2026-07-17","progress_report","UK public-sector AI","English","","","pending_pdf_notice_review","","not_reviewed","not_reviewed","licence_review_required","false","","candidate","","","",""
"S004","Artificial Intelligence Playbook for the UK Government","Government Digital Service","https://www.gov.uk/government/publications/ai-playbook-for-the-uk-government","","PDF","118","2025-02-10","2026-07-17","operational_guidance","UK public-sector AI","English","","","pending_pdf_notice_review","","not_reviewed","not_reviewed","licence_review_required","false","","candidate","","","",""
"S005","Scotland's Artificial Intelligence strategy 2026-2031","Scottish Government","https://www.gov.scot/publications/scotlands-ai-strategy-2026-2031/","","PDF","58","2026-03-20","2026-07-17","strategy","UK public-sector AI","English","","","pending_pdf_notice_review","","not_reviewed","not_reviewed","licence_review_required","false","","candidate","","","",""
"S006","AI Adoption Research","Department for Science, Innovation and Technology","https://www.gov.uk/government/publications/ai-adoption-research","","PDF","61","2026-01-28","2026-07-17","adoption_research","UK public-sector AI","English","","","pending_pdf_notice_review","","not_reviewed","not_reviewed","licence_review_required","false","","candidate","","","",""
"S007","Artificial Intelligence and Public Standards: report","Committee on Standards in Public Life","https://www.gov.uk/government/publications/artificial-intelligence-and-public-standards-report","","PDF","78","2020-02-10","2026-07-17","governance_report","UK public-sector AI","English","","","pending_pdf_notice_review","","not_reviewed","not_reviewed","licence_review_required","false","","candidate","","","",""
"S008","AI coding assistant trial: UK public sector findings report","Department for Science, Innovation and Technology and Government Digital Service","https://www.gov.uk/government/publications/ai-coding-assistant-trial","","HTML","","2025-09-12","2026-07-17","project_evaluation","UK public-sector AI","English","","","not_reviewed","","not_reviewed","not_reviewed","metadata_only","false","","deferred","current MVP does not include HTML ingestion","","",""
"S009","Planning and implementing real-world artificial intelligence (AI) evaluations: lessons from the AI in Health and Care Award","NHS England","https://www.england.nhs.uk/publication/planning-and-implementing-real-world-artificial-intelligence-ai-evaluations-lessons-from-the-ai-in-health-and-care-award/","","HTML","","2024-10-16","2026-07-17","project_evaluation","UK public-sector AI","English","","","not_reviewed","","not_reviewed","not_reviewed","metadata_only","false","","deferred","current MVP does not include HTML ingestion and licence requires separate review","","",""
